{
  "AWSTemplateFormatVersion": "2010-09-09",
  "Description": "The AWS CloudFormation template for this Serverless application",
  "Resources": {
    "ServerlessDeploymentBucket": {
      "Type": "AWS::S3::Bucket",
      "Properties": {
        "BucketEncryption": {
          "ServerSideEncryptionConfiguration": [
            {
              "ServerSideEncryptionByDefault": {
                "SSEAlgorithm": "AES256"
              }
            }
          ]
        }
      }
    },
    "ServerlessDeploymentBucketPolicy": {
      "Type": "AWS::S3::BucketPolicy",
      "Properties": {
        "Bucket": {
          "Ref": "ServerlessDeploymentBucket"
        },
        "PolicyDocument": {
          "Statement": [
            {
              "Action": "s3:*",
              "Effect": "Deny",
              "Principal": "*",
              "Resource": [
                {
                  "Fn::Join": [
                    "",
                    [
                      "arn:",
                      {
                        "Ref": "AWS::Partition"
                      },
                      ":s3:::",
                      {
                        "Ref": "ServerlessDeploymentBucket"
                      },
                      "/*"
                    ]
                  ]
                },
                {
                  "Fn::Join": [
                    "",
                    [
                      "arn:",
                      {
                        "Ref": "AWS::Partition"
                      },
                      ":s3:::",
                      {
                        "Ref": "ServerlessDeploymentBucket"
                      }
                    ]
                  ]
                }
              ],
              "Condition": {
                "Bool": {
                  "aws:SecureTransport": false
                }
              }
            }
          ]
        }
      }
    },
    "ThumbnailsListLogGroup": {
      "Type": "AWS::Logs::LogGroup",
      "Properties": {
        "LogGroupName": "/aws/lambda/nodeinawss3-dev-thumbnailsList"
      }
    },
    "ImageUploadLogGroup": {
      "Type": "AWS::Logs::LogGroup",
      "Properties": {
        "LogGroupName": "/aws/lambda/nodeinawss3-dev-imageUpload"
      }
    },
    "IamRoleLambdaExecution": {
      "Type": "AWS::IAM::Role",
      "Properties": {
        "AssumeRolePolicyDocument": {
          "Version": "2012-10-17",
          "Statement": [
            {
              "Effect": "Allow",
              "Principal": {
                "Service": [
                  "lambda.amazonaws.com"
                ]
              },
              "Action": [
                "sts:AssumeRole"
              ]
            }
          ]
        },
        "Policies": [
          {
            "PolicyName": {
              "Fn::Join": [
                "-",
                [
                  "nodeinawss3",
                  "dev",
                  "lambda"
                ]
              ]
            },
            "PolicyDocument": {
              "Version": "2012-10-17",
              "Statement": [
                {
                  "Effect": "Allow",
                  "Action": [
                    "logs:CreateLogStream",
                    "logs:CreateLogGroup",
                    "logs:TagResource"
                  ],
                  "Resource": [
                    {
                      "Fn::Sub": "arn:${AWS::Partition}:logs:${AWS::Region}:${AWS::AccountId}:log-group:/aws/lambda/nodeinawss3-dev*:*"
                    }
                  ]
                },
                {
                  "Effect": "Allow",
                  "Action": [
                    "logs:PutLogEvents"
                  ],
                  "Resource": [
                    {
                      "Fn::Sub": "arn:${AWS::Partition}:logs:${AWS::Region}:${AWS::AccountId}:log-group:/aws/lambda/nodeinawss3-dev*:*:*"
                    }
                  ]
                },
                {
                  "Effect": "Allow",
                  "Action": [
                    "s3:ListBucket",
                    "s3:*"
                  ],
                  "Resource": [
                    "arn:aws:s3:::nodeinawss3",
                    "arn:aws:s3:::nodeinawss3/*"
                  ]
                }
              ]
            }
          }
        ],
        "Path": "/",
        "RoleName": {
          "Fn::Join": [
            "-",
            [
              "nodeinawss3",
              "dev",
              {
                "Ref": "AWS::Region"
              },
              "lambdaRole"
            ]
          ]
        }
      }
    },
    "ThumbnailsListLambdaFunction": {
      "Type": "AWS::Lambda::Function",
      "Properties": {
        "Code": {
          "S3Bucket": {
            "Ref": "ServerlessDeploymentBucket"
          },
          "S3Key": "serverless/nodeinawss3/dev/1705480641478-2024-01-17T08:37:21.478Z/nodeinawss3.zip"
        },
        "Handler": "handler.thumbnailsList",
        "Runtime": "nodejs18.x",
        "FunctionName": "nodeinawss3-dev-thumbnailsList",
        "MemorySize": 1024,
        "Timeout": 6,
        "Role": {
          "Fn::GetAtt": [
            "IamRoleLambdaExecution",
            "Arn"
          ]
        }
      },
      "DependsOn": [
        "ThumbnailsListLogGroup"
      ]
    },
    "ImageUploadLambdaFunction": {
      "Type": "AWS::Lambda::Function",
      "Properties": {
        "Code": {
          "S3Bucket": {
            "Ref": "ServerlessDeploymentBucket"
          },
          "S3Key": "serverless/nodeinawss3/dev/1705480641478-2024-01-17T08:37:21.478Z/nodeinawss3.zip"
        },
        "Handler": "handler.imageUpload",
        "Runtime": "nodejs18.x",
        "FunctionName": "nodeinawss3-dev-imageUpload",
        "MemorySize": 1024,
        "Timeout": 6,
        "Role": {
          "Fn::GetAtt": [
            "IamRoleLambdaExecution",
            "Arn"
          ]
        }
      },
      "DependsOn": [
        "ImageUploadLogGroup"
      ]
    },
    "ThumbnailsListLambdaVersion9DLshVZ0z0wVJEkjzx8p4fzs08NrY6SVsbA7JbmnfE": {
      "Type": "AWS::Lambda::Version",
      "DeletionPolicy": "Retain",
      "Properties": {
        "FunctionName": {
          "Ref": "ThumbnailsListLambdaFunction"
        },
        "CodeSha256": "FCCokxig+NaqZ5xh2CtMxbJf8ZfLmCkv7ImUQr4ELNM="
      }
    },
    "ImageUploadLambdaVersion0VuHPp4fNFwZ6WKJB8B1PEs5Hnly20M0BpZFU1PxUW4": {
      "Type": "AWS::Lambda::Version",
      "DeletionPolicy": "Retain",
      "Properties": {
        "FunctionName": {
          "Ref": "ImageUploadLambdaFunction"
        },
        "CodeSha256": "FCCokxig+NaqZ5xh2CtMxbJf8ZfLmCkv7ImUQr4ELNM="
      }
    },
    "ImageUploadCustomS31": {
      "Type": "Custom::S3",
      "Version": 1,
      "DependsOn": [
        "ImageUploadLambdaFunction",
        "CustomDashresourceDashexistingDashs3LambdaFunction"
      ],
      "Properties": {
        "ServiceToken": {
          "Fn::GetAtt": [
            "CustomDashresourceDashexistingDashs3LambdaFunction",
            "Arn"
          ]
        },
        "FunctionName": "nodeinawss3-dev-imageUpload",
        "BucketName": "nodeinawss3",
        "BucketConfigs": [
          {
            "Event": "s3:ObjectCreated:*",
            "Rules": [
              {
                "Prefix": "images/"
              }
            ]
          }
        ]
      }
    },
    "IamRoleCustomResourcesLambdaExecution": {
      "Type": "AWS::IAM::Role",
      "Properties": {
        "AssumeRolePolicyDocument": {
          "Version": "2012-10-17",
          "Statement": [
            {
              "Effect": "Allow",
              "Principal": {
                "Service": [
                  "lambda.amazonaws.com"
                ]
              },
              "Action": [
                "sts:AssumeRole"
              ]
            }
          ]
        },
        "Policies": [
          {
            "PolicyName": {
              "Fn::Join": [
                "-",
                [
                  "dev",
                  "nodeinawss3",
                  "custom-resources-lambda"
                ]
              ]
            },
            "PolicyDocument": {
              "Version": "2012-10-17",
              "Statement": [
                {
                  "Effect": "Allow",
                  "Resource": {
                    "Fn::Join": [
                      ":",
                      [
                        "arn",
                        {
                          "Ref": "AWS::Partition"
                        },
                        "s3",
                        "",
                        "",
                        "nodeinawss3"
                      ]
                    ]
                  },
                  "Action": [
                    "s3:PutBucketNotification",
                    "s3:GetBucketNotification"
                  ]
                },
                {
                  "Effect": "Allow",
                  "Resource": {
                    "Fn::Join": [
                      ":",
                      [
                        "arn",
                        {
                          "Ref": "AWS::Partition"
                        },
                        "lambda",
                        {
                          "Ref": "AWS::Region"
                        },
                        {
                          "Ref": "AWS::AccountId"
                        },
                        "function",
                        "*"
                      ]
                    ]
                  },
                  "Action": [
                    "lambda:AddPermission",
                    "lambda:RemovePermission"
                  ]
                }
              ]
            }
          }
        ]
      }
    },
    "CustomDashresourceDashexistingDashs3LambdaFunction": {
      "Type": "AWS::Lambda::Function",
      "Properties": {
        "Code": {
          "S3Bucket": {
            "Ref": "ServerlessDeploymentBucket"
          },
          "S3Key": "serverless/nodeinawss3/dev/1705480641478-2024-01-17T08:37:21.478Z/custom-resources.zip"
        },
        "FunctionName": "nodeinawss3-dev-custom-resource-existing-s3",
        "Handler": "s3/handler.handler",
        "MemorySize": 1024,
        "Runtime": "nodejs16.x",
        "Timeout": 180,
        "Role": {
          "Fn::GetAtt": [
            "IamRoleCustomResourcesLambdaExecution",
            "Arn"
          ]
        }
      },
      "DependsOn": [
        "IamRoleCustomResourcesLambdaExecution"
      ]
    },
    "ApiGatewayRestApi": {
      "Type": "AWS::ApiGateway::RestApi",
      "Properties": {
        "Name": "dev-nodeinawss3",
        "EndpointConfiguration": {
          "Types": [
            "EDGE"
          ]
        },
        "Policy": ""
      }
    },
    "ApiGatewayResourceThumbnails": {
      "Type": "AWS::ApiGateway::Resource",
      "Properties": {
        "ParentId": {
          "Fn::GetAtt": [
            "ApiGatewayRestApi",
            "RootResourceId"
          ]
        },
        "PathPart": "thumbnails",
        "RestApiId": {
          "Ref": "ApiGatewayRestApi"
        }
      }
    },
    "ApiGatewayMethodThumbnailsGet": {
      "Type": "AWS::ApiGateway::Method",
      "Properties": {
        "HttpMethod": "GET",
        "RequestParameters": {},
        "ResourceId": {
          "Ref": "ApiGatewayResourceThumbnails"
        },
        "RestApiId": {
          "Ref": "ApiGatewayRestApi"
        },
        "ApiKeyRequired": false,
        "AuthorizationType": "NONE",
        "Integration": {
          "IntegrationHttpMethod": "POST",
          "Type": "AWS_PROXY",
          "Uri": {
            "Fn::Join": [
              "",
              [
                "arn:",
                {
                  "Ref": "AWS::Partition"
                },
                ":apigateway:",
                {
                  "Ref": "AWS::Region"
                },
                ":lambda:path/2015-03-31/functions/",
                {
                  "Fn::GetAtt": [
                    "ThumbnailsListLambdaFunction",
                    "Arn"
                  ]
                },
                "/invocations"
              ]
            ]
          }
        },
        "MethodResponses": []
      },
      "DependsOn": [
        "ThumbnailsListLambdaPermissionApiGateway"
      ]
    },
    "ApiGatewayDeployment1705480636693": {
      "Type": "AWS::ApiGateway::Deployment",
      "Properties": {
        "RestApiId": {
          "Ref": "ApiGatewayRestApi"
        },
        "StageName": "dev"
      },
      "DependsOn": [
        "ApiGatewayMethodThumbnailsGet"
      ]
    },
    "ThumbnailsListLambdaPermissionApiGateway": {
      "Type": "AWS::Lambda::Permission",
      "Properties": {
        "FunctionName": {
          "Fn::GetAtt": [
            "ThumbnailsListLambdaFunction",
            "Arn"
          ]
        },
        "Action": "lambda:InvokeFunction",
        "Principal": "apigateway.amazonaws.com",
        "SourceArn": {
          "Fn::Join": [
            "",
            [
              "arn:",
              {
                "Ref": "AWS::Partition"
              },
              ":execute-api:",
              {
                "Ref": "AWS::Region"
              },
              ":",
              {
                "Ref": "AWS::AccountId"
              },
              ":",
              {
                "Ref": "ApiGatewayRestApi"
              },
              "/*/*"
            ]
          ]
        }
      }
    }
  },
  "Outputs": {
    "ServerlessDeploymentBucketName": {
      "Value": {
        "Ref": "ServerlessDeploymentBucket"
      },
      "Export": {
        "Name": "sls-nodeinawss3-dev-ServerlessDeploymentBucketName"
      }
    },
    "ThumbnailsListLambdaFunctionQualifiedArn": {
      "Description": "Current Lambda function version",
      "Value": {
        "Ref": "ThumbnailsListLambdaVersion9DLshVZ0z0wVJEkjzx8p4fzs08NrY6SVsbA7JbmnfE"
      },
      "Export": {
        "Name": "sls-nodeinawss3-dev-ThumbnailsListLambdaFunctionQualifiedArn"
      }
    },
    "ImageUploadLambdaFunctionQualifiedArn": {
      "Description": "Current Lambda function version",
      "Value": {
        "Ref": "ImageUploadLambdaVersion0VuHPp4fNFwZ6WKJB8B1PEs5Hnly20M0BpZFU1PxUW4"
      },
      "Export": {
        "Name": "sls-nodeinawss3-dev-ImageUploadLambdaFunctionQualifiedArn"
      }
    },
    "ServiceEndpoint": {
      "Description": "URL of the service endpoint",
      "Value": {
        "Fn::Join": [
          "",
          [
            "https://",
            {
              "Ref": "ApiGatewayRestApi"
            },
            ".execute-api.",
            {
              "Ref": "AWS::Region"
            },
            ".",
            {
              "Ref": "AWS::URLSuffix"
            },
            "/dev"
          ]
        ]
      },
      "Export": {
        "Name": "sls-nodeinawss3-dev-ServiceEndpoint"
      }
    }
  }
}